slot,message_theme,theme_plain_english,source_layer,unit,anomaly_score,metric_snapshot,context_family,context_label,split_family,split_label,role_segment,pitch_role
foreign_pitcher,run_prevention_stabilizer,raise the floor of run prevention across contexts,pitching_team_context_rank,pitcher_type:vs_right_orthodox,11.5,ERA_rank=10.0;WHIP_rank=10.0;OPS_allowed_rank=10.0;TBF=1281,pitcher_type,vs_right_orthodox,,,,
foreign_pitcher,traffic_command_starter,prevent innings from exploding after traffic appears,pitching_team_context_rank,runner:risp,11.38888888888889,ERA_rank=10.0;WHIP_rank=10.0;OPS_allowed_rank=10.0;TBF=754,runner,risp,,,,
foreign_pitcher,abs_native_load_bearing_starter,turn short starts into repeatable 5-6 inning starts,pitching_team_context_rank,inning:early_1_3,11.38888888888889,ERA_rank=10.0;WHIP_rank=10.0;OPS_allowed_rank=10.0;TBF=859,inning,early_1_3,,,,
foreign_pitcher,run_prevention_stabilizer,raise the floor of run prevention across contexts,pitching_team_context_rank,home_away:away,11.166666666666668,ERA_rank=10.0;WHIP_rank=10.0;OPS_allowed_rank=8.0;TBF=1269,home_away,away,,,,
foreign_pitcher,traffic_command_starter,prevent innings from exploding after traffic appears,pitching_team_context_rank,runner:runner_on_base,11.166666666666668,ERA_rank=10.0;WHIP_rank=10.0;OPS_allowed_rank=10.0;TBF=1274,runner,runner_on_base,,,,
foreign_pitcher,run_prevention_stabilizer,raise the floor of run prevention across contexts,pitching_team_context_rank,outs:0_out,10.944444444444445,ERA_rank=10.0;WHIP_rank=9.0;OPS_allowed_rank=8.0;TBF=873,outs,0_out,,,,
foreign_pitcher,run_prevention_stabilizer,raise the floor of run prevention across contexts,pitching_team_context_rank,outs:2_out,10.055555555555554,ERA_rank=10.0;WHIP_rank=8.0;OPS_allowed_rank=7.0;TBF=806,outs,2_out,,,,
foreign_pitcher,run_prevention_stabilizer,raise the floor of run prevention across contexts,pitching_team_context_rank,count:3B_1S,9.071666666666665,ERA_rank=10.0;WHIP_rank=8.0;OPS_allowed_rank=10.0;TBF=162,count,3B_1S,,,,
foreign_pitcher,run_prevention_stabilizer,raise the floor of run prevention across contexts,pitching_team_context_rank,home_away:home,8.944444444444445,ERA_rank=9.0;WHIP_rank=7.0;OPS_allowed_rank=6.0;TBF=1231,home_away,home,,,,
foreign_pitcher,run_prevention_stabilizer,raise the floor of run prevention across contexts,pitching_team_context_rank,inning:middle_4_6,8.61111111111111,ERA_rank=10.0;WHIP_rank=7.0;OPS_allowed_rank=3.0;TBF=830,inning,middle_4_6,,,,
foreign_hitter,first_base_traffic_converter,turn runner-on-first states into scoring-position pressure,batting_team_context_rank,runner:on_first,8.38888888888889,OPS_rank=10.0;OBP_rank=10.0;OPS=0.649;PA=462,runner,on_first,,,,
foreign_pitcher,traffic_command_starter,prevent innings from exploding after traffic appears,pitching_team_context_rank,runner:no_runner,8.277777777777779,ERA_rank=3.0;WHIP_rank=9.0;OPS_allowed_rank=6.0;TBF=1226,runner,no_runner,,,,
foreign_pitcher,run_prevention_stabilizer,raise the floor of run prevention across contexts,pitching_team_context_rank,count:1B_2S,8.187222222222221,ERA_rank=10.0;WHIP_rank=6.0;OPS_allowed_rank=8.0;TBF=386,count,1B_2S,,,,
foreign_pitcher,run_prevention_stabilizer,raise the floor of run prevention across contexts,pitching_team_context_rank,outs:1_out,8.166666666666666,ERA_rank=10.0;WHIP_rank=6.0;OPS_allowed_rank=5.0;TBF=821,outs,1_out,,,,
foreign_pitcher,run_prevention_stabilizer,raise the floor of run prevention across contexts,pitching_team_context_rank,count:3B_2S,8.047222222222222,ERA_rank=10.0;WHIP_rank=6.0;OPS_allowed_rank=4.0;TBF=330,count,3B_2S,,,,
foreign_pitcher,traffic_command_starter,prevent innings from exploding after traffic appears,pitching_team_context_rank,runner:on_second,7.911944444444445,ERA_rank=9.0;WHIP_rank=6.0;OPS_allowed_rank=10.0;TBF=187,runner,on_second,,,,
foreign_pitcher,run_prevention_stabilizer,raise the floor of run prevention across contexts,pitching_team_context_rank,inning:late_7_9,7.833333333333333,ERA_rank=7.0;WHIP_rank=7.0;OPS_allowed_rank=6.0;TBF=780,inning,late_7_9,,,,
foreign_pitcher,run_prevention_stabilizer,raise the floor of run prevention across contexts,pitching_team_context_rank,overall:all,7.5,ERA_rank=10.0;WHIP_rank=10.0;OPS_allowed_rank=nan;TBF=2500,overall,all,,,,
foreign_pitcher,traffic_command_starter,prevent innings from exploding after traffic appears,pitching_team_context_rank,runner:bases_loaded,7.282499999999999,ERA_rank=8.0;WHIP_rank=10.0;OPS_allowed_rank=7.0;TBF=113,runner,bases_loaded,,,,
foreign_pitcher,run_prevention_stabilizer,raise the floor of run prevention across contexts,pitching_team_context_rank,pitcher_type:vs_right_under,7.166666666666666,ERA_rank=9.0;WHIP_rank=6.0;OPS_allowed_rank=1.0;TBF=1131,pitcher_type,vs_right_under,,,,
foreign_pitcher,run_prevention_stabilizer,raise the floor of run prevention across contexts,pitching_team_context_rank,count:0B_2S,6.5486111111111125,ERA_rank=5.0;WHIP_rank=9.0;OPS_allowed_rank=9.0;TBF=175,count,0B_2S,,,,
foreign_pitcher,traffic_command_starter,prevent innings from exploding after traffic appears,pitching_team_context_rank,runner:on_first,6.4111111111111105,ERA_rank=5.0;WHIP_rank=5.0;OPS_allowed_rank=5.0;TBF=520,runner,on_first,,,,
foreign_hitter,context_runway_bat,add offense in SSG-specific weak game states,batting_team_context_rank,outs:2_out,6.388888888888889,OPS_rank=8.0;OBP_rank=6.0;OPS=0.72;PA=784,outs,2_out,,,,
foreign_hitter,context_runway_bat,add offense in SSG-specific weak game states,batting_team_context_rank,inning:early_1_3,6.388888888888888,OPS_rank=8.0;OBP_rank=7.0;OPS=0.699;PA=795,inning,early_1_3,,,,
foreign_hitter,context_runway_bat,add offense in SSG-specific weak game states,batting_team_context_rank,home_away:away,6.166666666666666,OPS_rank=7.0;OBP_rank=6.0;OPS=0.736;PA=1292,home_away,away,,,,
foreign_pitcher,run_prevention_stabilizer,raise the floor of run prevention across contexts,pitching_role_rank,total,5.666666666666666,ERA=5.4;WHIP=1.56;OPS_allowed=0.76;outs/start=26.4,,,,,,total
foreign_hitter,rhp_role_stabilizer,stabilize OF/DH production against right-handed pitching,batting_team_context_rank,pitcher_type:vs_right_orthodox,5.611111111111112,OPS_rank=6.0;OBP_rank=8.0;OPS=0.749;PA=1789,pitcher_type,vs_right_orthodox,,,,
foreign_hitter,context_runway_bat,add offense in SSG-specific weak game states,batting_team_context_rank,overall:all,5.5,OPS_rank=7.0;OBP_rank=6.0;OPS=0.753;PA=2445,overall,all,,,,
foreign_hitter,context_runway_bat,add offense in SSG-specific weak game states,batting_team_context_rank,runner:bases_loaded,5.471111111111112,OPS_rank=6.0;OBP_rank=7.0;OPS=0.627;PA=90,runner,bases_loaded,,,,
foreign_hitter,rhp_role_stabilizer,stabilize OF/DH production against right-handed pitching,batting_team_context_rank,pitcher_type:vs_right_under,5.442222222222223,OPS_rank=6.0;OBP_rank=5.0;OPS=0.712;PA=55,pitcher_type,vs_right_under,,,,
foreign_hitter,rhp_role_stabilizer,stabilize OF/DH production against right-handed pitching,batting_team_context_rank,pitcher_type:vs_right,5.388888888888889,OPS_rank=5.0;OBP_rank=7.0;OPS=0.748;PA=1844,pitcher_type,vs_right,,,,
foreign_hitter,first_base_traffic_converter,turn runner-on-first states into scoring-position pressure,batting_team_context_rank,runner:runner_on_base,5.388888888888888,OPS_rank=6.0;OBP_rank=6.0;OPS=0.756;PA=1162,runner,runner_on_base,,,,
foreign_hitter,two_strike_survival_bat,reduce replacement-slot collapse after two strikes,batting_team_context_rank,count:1B_2S,5.277777777777778,OPS_rank=7.0;OBP_rank=8.0;OPS=0.432;PA=385,count,1B_2S,,,,
foreign_hitter,context_runway_bat,add offense in SSG-specific weak game states,batting_team_context_rank,outs:1_out,5.277777777777778,OPS_rank=6.0;OBP_rank=6.0;OPS=0.769;PA=814,outs,1_out,,,,
foreign_hitter,context_runway_bat,add offense in SSG-specific weak game states,batting_team_context_rank,inning:middle_4_6,5.166666666666666,OPS_rank=4.0;OBP_rank=5.0;OPS=0.769;PA=828,inning,middle_4_6,,,,
foreign_hitter,context_runway_bat,add offense in SSG-specific weak game states,batting_team_context_rank,inning:late_7_9,4.944444444444445,OPS_rank=4.0;OBP_rank=7.0;OPS=0.784;PA=791,inning,late_7_9,,,,
foreign_pitcher,abs_native_load_bearing_starter,turn short starts into repeatable 5-6 inning starts,pitching_role_rank,starter,4.888888888888889,ERA=5.68;WHIP=1.6;OPS_allowed=0.783;outs/start=13.6,,,,,,starter
foreign_hitter,context_runway_bat,add offense in SSG-specific weak game states,batting_team_context_rank,home_away:home,4.833333333333333,OPS_rank=3.0;OBP_rank=8.0;OPS=0.771;PA=1153,home_away,home,,,,
foreign_hitter,context_runway_bat,add offense in SSG-specific weak game states,batting_team_context_rank,count:3B_0S,4.775555555555555,OPS_rank=6.0;OBP_rank=7.0;OPS=0.982;PA=55,count,3B_0S,,,,
foreign_hitter,context_runway_bat,add offense in SSG-specific weak game states,batting_team_context_rank,outs:0_out,4.722222222222221,OPS_rank=5.0;OBP_rank=7.0;OPS=0.769;PA=845,outs,0_out,,,,
foreign_hitter,context_runway_bat,add offense in SSG-specific weak game states,batting_team_context_rank,runner:no_runner,4.611111111111111,OPS_rank=4.0;OBP_rank=7.0;OPS=0.749;PA=1281,runner,no_runner,,,,
foreign_pitcher,run_prevention_stabilizer,raise the floor of run prevention across contexts,pitching_team_context_rank,pitcher_type:vs_left_orthodox,4.442222222222222,ERA_rank=3.0;WHIP_rank=6.0;OPS_allowed_rank=4.0;TBF=88,pitcher_type,vs_left_orthodox,,,,
foreign_hitter,context_runway_bat,add offense in SSG-specific weak game states,batting_team_context_rank,pitcher_type:vs_left_orthodox,4.277777777777777,OPS_rank=4.0;OBP_rank=5.0;OPS=0.768;PA=599,pitcher_type,vs_left_orthodox,,,,
foreign_hitter,context_runway_bat,add offense in SSG-specific weak game states,batting_team_context_rank,pitcher_type:vs_left,4.277777777777777,OPS_rank=4.0;OBP_rank=5.0;OPS=0.768;PA=599,pitcher_type,vs_left,,,,
foreign_pitcher,abs_native_load_bearing_starter,turn short starts into repeatable 5-6 inning starts,workload_stress,short_start_bullpen_compression,4.105646630236794,short_start_rate=0.426;disaster_start_rate=0.328;avg_bullpen_ip=4.25;games=61,,,,,,starter_to_bullpen_system
foreign_hitter,context_runway_bat,add offense in SSG-specific weak game states,batting_team_context_rank,runner:on_second,4.090222222222223,OPS_rank=5.0;OBP_rank=5.0;OPS=0.765;PA=217,runner,on_second,,,,
foreign_pitcher,run_prevention_stabilizer,raise the floor of run prevention across contexts,pitching_team_context_rank,count:3B_0S,4.051388888888889,ERA_rank=5.0;WHIP_rank=4.0;OPS_allowed_rank=5.0;TBF=65,count,3B_0S,,,,
foreign_hitter,context_runway_bat,add offense in SSG-specific weak game states,batting_team_context_rank,count:2B_0S,3.973777777777778,OPS_rank=5.0;OBP_rank=6.0;OPS=0.984;PA=49,count,2B_0S,,,,
foreign_hitter,two_strike_survival_bat,reduce replacement-slot collapse after two strikes,batting_team_context_rank,count:3B_2S,3.6884444444444444,OPS_rank=4.0;OBP_rank=2.0;OPS=0.864;PA=311,count,3B_2S,,,,
foreign_hitter,two_strike_survival_bat,reduce replacement-slot collapse after two strikes,role_split_context,DH_primary_or_bridge:terminal_count:2B_2S,3.4413709677419355,OPS=0.194;OBP=0.097;K%=0.677;PA=31,,,terminal_count,2B_2S,DH_primary_or_bridge,
foreign_hitter,first_base_traffic_converter,turn runner-on-first states into scoring-position pressure,role_runway_context,OF_high_leverage_usage:lt2_out_on_first,3.003988835744701,OPS=0.384;OBP=0.22;GDP/PA=0.103;PA=58,,,,lt2_out_on_first,OF_high_leverage_usage,
foreign_hitter,two_strike_survival_bat,reduce replacement-slot collapse after two strikes,role_split_context,OF_lower_or_mixed_usage:terminal_count:1B_2S,3.0023275862068965,OPS=0.391;OBP=0.161;K%=0.483;PA=87,,,terminal_count,1B_2S,OF_lower_or_mixed_usage,
foreign_hitter,two_strike_survival_bat,reduce replacement-slot collapse after two strikes,role_split_context,DH_primary_or_bridge:after_count:after_0B_2S,2.8462237762237765,OPS=0.459;OBP=0.277;K%=0.515;PA=130,,,after_count,after_0B_2S,DH_primary_or_bridge,
foreign_hitter,two_strike_survival_bat,reduce replacement-slot collapse after two strikes,role_split_context,OF_high_leverage_usage:after_count:after_0B_2S,2.7635602116952978,OPS=0.466;OBP=0.221;K%=0.416;PA=113,,,after_count,after_0B_2S,OF_high_leverage_usage,
foreign_pitcher,run_prevention_stabilizer,raise the floor of run prevention across contexts,pitching_team_context_rank,count:2B_2S,2.6502777777777777,ERA_rank=7.0;WHIP_rank=1.0;OPS_allowed_rank=1.0;TBF=349,count,2B_2S,,,,
foreign_hitter,two_strike_survival_bat,reduce replacement-slot collapse after two strikes,role_split_context,DH_primary_or_bridge:after_count:after_1B_2S,2.638163615560641,OPS=0.485;OBP=0.296;K%=0.513;PA=115,,,after_count,after_1B_2S,DH_primary_or_bridge,
foreign_hitter,first_base_traffic_converter,turn runner-on-first states into scoring-position pressure,role_runway_context,OF_high_leverage_usage:on_first,2.4343956043956037,OPS=0.383;OBP=0.25;GDP/PA=0.058;PA=52,,,,on_first,OF_high_leverage_usage,
foreign_hitter,two_strike_survival_bat,reduce replacement-slot collapse after two strikes,role_split_context,OF_high_leverage_usage:terminal_count:1B_2S,2.405768398268398,OPS=0.355;OBP=0.143;K%=0.429;PA=35,,,terminal_count,1B_2S,OF_high_leverage_usage,
foreign_hitter,two_strike_survival_bat,reduce replacement-slot collapse after two strikes,role_split_context,OF_high_leverage_usage:after_count:after_1B_2S,2.3897908471020197,OPS=0.468;OBP=0.237;K%=0.387;PA=93,,,after_count,after_1B_2S,OF_high_leverage_usage,
foreign_hitter,two_strike_survival_bat,reduce replacement-slot collapse after two strikes,role_split_context,OF_lower_or_mixed_usage:terminal_count:0B_2S,2.365580808080808,OPS=0.386;OBP=0.164;K%=0.364;PA=55,,,terminal_count,0B_2S,OF_lower_or_mixed_usage,
foreign_hitter,two_strike_survival_bat,reduce replacement-slot collapse after two strikes,role_split_context,DH_primary_or_bridge:terminal_count:1B_2S,2.3476315789473685,OPS=0.447;OBP=0.184;K%=0.579;PA=38,,,terminal_count,1B_2S,DH_primary_or_bridge,
foreign_hitter,first_base_traffic_converter,turn runner-on-first states into scoring-position pressure,role_runway_context,OF_lower_or_mixed_usage:lt2_out_on_first,2.3364291564291566,OPS=0.705;OBP=0.309;GDP/PA=0.099;PA=111,,,,lt2_out_on_first,OF_lower_or_mixed_usage,
foreign_hitter,context_runway_bat,add offense in SSG-specific weak game states,batting_team_runway_gap,runner_on_first_vs_risp_gap,2.2266666666666666,RISP_OPS=0.831;on_first_OPS=0.649;on_first_OBP_rank=10.0;gap_rank=1.0,,,,,,
foreign_hitter,first_base_traffic_converter,turn runner-on-first states into scoring-position pressure,role_runway_context,DH_primary_or_bridge:on_first,2.19525974025974,OPS=0.463;OBP=0.255;GDP/PA=0.055;PA=55,,,,on_first,DH_primary_or_bridge,
foreign_hitter,two_strike_survival_bat,reduce replacement-slot collapse after two strikes,role_split_context,OF_high_leverage_usage:terminal_count:0B_2S,2.1950000000000003,OPS=0.45;OBP=0.15;K%=0.55;PA=20,,,terminal_count,0B_2S,OF_high_leverage_usage,
foreign_hitter,two_strike_survival_bat,reduce replacement-slot collapse after two strikes,role_split_context,OF_lower_or_mixed_usage:after_count:after_0B_2S,2.1836962182635973,OPS=0.573;OBP=0.282;K%=0.336;PA=277,,,after_count,after_0B_2S,OF_lower_or_mixed_usage,
foreign_hitter,two_strike_survival_bat,reduce replacement-slot collapse after two strikes,role_split_context,OF_high_leverage_usage:terminal_count:2B_2S,2.1815240240240237,OPS=0.384;OBP=0.189;K%=0.432;PA=37,,,terminal_count,2B_2S,OF_high_leverage_usage,
foreign_hitter,context_runway_bat,add offense in SSG-specific weak game states,batting_team_context_rank,runner:risp,2.1666666666666665,OPS_rank=1.0;OBP_rank=1.0;OPS=0.831;PA=700,runner,risp,,,,
foreign_hitter,first_base_traffic_converter,turn runner-on-first states into scoring-position pressure,role_runway_context,OF_lower_or_mixed_usage:on_first,2.125808313550249,OPS=0.637;OBP=0.293;GDP/PA=0.05;PA=100,,,,on_first,OF_lower_or_mixed_usage,
asian_quota,option_layer_shock_absorber,protect the roster when starters compress bullpen workload,pitching_role_rank,bullpen,2.1111111111111107,ERA=5.1;WHIP=1.52;OPS_allowed=0.736;outs/start=nan,,,,,,bullpen
foreign_hitter,rhp_role_stabilizer,stabilize OF/DH production against right-handed pitching,role_split_context,DH_primary_or_bridge:pitcher_type:vs_right_orthdodx,2.04300534365211,OPS=0.594;OBP=0.302;K%=0.333;PA=162,,,pitcher_type,vs_right_orthdodx,DH_primary_or_bridge,
foreign_hitter,of_dh_bridge_bat,repair the replacement-relevant OF/DH bridge,role_split_context,DH_primary_or_bridge:day:0,2.022796052631579,OPS=0.367;OBP=0.211;K%=0.368;PA=38,,,day,0,DH_primary_or_bridge,
foreign_hitter,first_base_traffic_converter,turn runner-on-first states into scoring-position pressure,role_runway_context,OF_lower_or_mixed_usage:runner_on_base,2.0210954800630168,OPS=0.659;OBP=0.311;GDP/PA=0.045;PA=242,,,,runner_on_base,OF_lower_or_mixed_usage,
foreign_hitter,two_strike_survival_bat,reduce replacement-slot collapse after two strikes,role_split_context,DH_primary_or_bridge:after_count:after_2B_2S,1.986038391433128,OPS=0.491;OBP=0.351;K%=0.481;PA=77,,,after_count,after_2B_2S,DH_primary_or_bridge,
foreign_hitter,of_dh_bridge_bat,repair the replacement-relevant OF/DH bridge,role_split_context,DH_primary_or_bridge:after_count:after_0B_1S,1.9813253295668551,OPS=0.626;OBP=0.328;K%=0.379;PA=177,,,after_count,after_0B_1S,DH_primary_or_bridge,
foreign_hitter,of_dh_bridge_bat,repair the replacement-relevant OF/DH bridge,role_split_context,DH_primary_or_bridge:score_context:tied_game,1.9386988543371522,OPS=0.42;OBP=0.25;K%=0.385;PA=52,,,score_context,tied_game,DH_primary_or_bridge,
foreign_hitter,two_strike_survival_bat,reduce replacement-slot collapse after two strikes,role_split_context,OF_lower_or_mixed_usage:after_count:after_1B_2S,1.9310715979137032,OPS=0.621;OBP=0.311;K%=0.329;PA=222,,,after_count,after_1B_2S,OF_lower_or_mixed_usage,
foreign_hitter,of_dh_bridge_bat,repair the replacement-relevant OF/DH bridge,role_split_context,DH_primary_or_bridge:terminal_count:0B_0S,1.9300000000000002,OPS=0.3;OBP=0.15;K%=0.0;PA=20,,,terminal_count,0B_0S,DH_primary_or_bridge,
foreign_hitter,of_dh_bridge_bat,repair the replacement-relevant OF/DH bridge,role_split_context,DH_primary_or_bridge:score_context:within_three_run,1.925062988807193,OPS=0.606;OBP=0.331;K%=0.325;PA=163,,,score_context,within_three_run,DH_primary_or_bridge,
foreign_hitter,rhp_role_stabilizer,stabilize OF/DH production against right-handed pitching,role_split_context,DH_primary_or_bridge:pitcher_type:vs_right,1.92465604954656,OPS=0.63;OBP=0.309;K%=0.333;PA=165,,,pitcher_type,vs_right,DH_primary_or_bridge,
foreign_hitter,of_dh_bridge_bat,repair the replacement-relevant OF/DH bridge,role_split_context,DH_primary_or_bridge:after_count:after_1B_1S,1.920134932533733,OPS=0.673;OBP=0.352;K%=0.407;PA=145,,,after_count,after_1B_1S,DH_primary_or_bridge,
foreign_hitter,two_strike_survival_bat,reduce replacement-slot collapse after two strikes,role_split_context,DH_primary_or_bridge:score_context:within_two_run,1.9185888634630055,OPS=0.617;OBP=0.319;K%=0.333;PA=138,,,score_context,within_two_run,DH_primary_or_bridge,
foreign_hitter,first_base_traffic_converter,turn runner-on-first states into scoring-position pressure,role_split_context,OF_high_leverage_usage:runner_context:lt2_out_on_first,1.9146333448633692,OPS=0.384;OBP=0.22;K%=0.155;PA=58,,,runner_context,lt2_out_on_first,OF_high_leverage_usage,
foreign_hitter,context_runway_bat,add offense in SSG-specific weak game states,role_runway_context,OF_lower_or_mixed_usage:risp,1.912143129044537,OPS=0.675;OBP=0.324;GDP/PA=0.042;PA=142,,,,risp,OF_lower_or_mixed_usage,
foreign_hitter,of_dh_bridge_bat,repair the replacement-relevant OF/DH bridge,role_split_context,DH_primary_or_bridge:runner_context:no_runner,1.9021882071913503,OPS=0.595;OBP=0.278;K%=0.361;PA=97,,,runner_context,no_runner,DH_primary_or_bridge,
foreign_hitter,context_runway_bat,add offense in SSG-specific weak game states,role_split_context,OF_lower_or_mixed_usage:day:3,1.8893137254901962,OPS=0.467;OBP=0.259;K%=0.141;PA=85,,,day,3,OF_lower_or_mixed_usage,
foreign_hitter,context_runway_bat,add offense in SSG-specific weak game states,role_split_context,OF_lower_or_mixed_usage:inning_context:innings_1_3,1.8674944071588364,OPS=0.622;OBP=0.289;K%=0.253;PA=150,,,inning_context,innings_1_3,OF_lower_or_mixed_usage,
foreign_hitter,first_base_traffic_converter,turn runner-on-first states into scoring-position pressure,role_runway_context,OF_high_leverage_usage:runner_on_base,1.8405945459994006,OPS=0.7;OBP=0.324;GDP/PA=0.043;PA=141,,,,runner_on_base,OF_high_leverage_usage,
foreign_hitter,context_runway_bat,add offense in SSG-specific weak game states,role_split_context,OF_lower_or_mixed_usage:month:month5,1.8398086124401916,OPS=0.624;OBP=0.282;K%=0.191;PA=209,,,month,month5,OF_lower_or_mixed_usage,
foreign_hitter,context_runway_bat,add offense in SSG-specific weak game states,role_split_context,OF_high_leverage_usage:after_count:after_0B_1S,1.8249595531587057,OPS=0.651;OBP=0.288;K%=0.267;PA=176,,,after_count,after_0B_1S,OF_high_leverage_usage,
foreign_hitter,two_strike_survival_bat,reduce replacement-slot collapse after two strikes,batting_team_context_rank,count:2B_2S,1.8244444444444443,OPS_rank=1.0;OBP_rank=2.0;OPS=0.567;PA=345,count,2B_2S,,,,
foreign_hitter,of_dh_bridge_bat,repair the replacement-relevant OF/DH bridge,role_split_context,DH_primary_or_bridge:score_context:within_one_run,1.8222435897435896,OPS=0.532;OBP=0.301;K%=0.312;PA=93,,,score_context,within_one_run,DH_primary_or_bridge,
foreign_hitter,of_dh_bridge_bat,repair the replacement-relevant OF/DH bridge,role_split_context,DH_primary_or_bridge:month:month4,1.8211124794745488,OPS=0.459;OBP=0.287;K%=0.23;PA=87,,,month,month4,DH_primary_or_bridge,
foreign_hitter,context_runway_bat,add offense in SSG-specific weak game states,role_split_context,OF_high_leverage_usage:after_count:after_1B_1S,1.8104411764705883,OPS=0.635;OBP=0.301;K%=0.267;PA=135,,,after_count,after_1B_1S,OF_high_leverage_usage,
foreign_hitter,of_dh_bridge_bat,repair the replacement-relevant OF/DH bridge,role_split_context,DH_primary_or_bridge:score_context:within_four_run,1.7906541077969647,OPS=0.659;OBP=0.346;K%=0.324;PA=182,,,score_context,within_four_run,DH_primary_or_bridge,
foreign_hitter,first_base_traffic_converter,turn runner-on-first states into scoring-position pressure,role_split_context,DH_primary_or_bridge:runner_context:on_first,1.773030303030303,OPS=0.463;OBP=0.255;K%=0.345;PA=55,,,runner_context,on_first,DH_primary_or_bridge,
foreign_hitter,context_runway_bat,add offense in SSG-specific weak game states,role_split_context,OF_lower_or_mixed_usage:inning_context:3,1.7574999999999998,OPS=0.425;OBP=0.225;K%=0.325;PA=40,,,inning_context,3,OF_lower_or_mixed_usage,
foreign_hitter,of_dh_bridge_bat,repair the replacement-relevant OF/DH bridge,role_split_context,DH_primary_or_bridge:after_count:after_0B_0S,1.74662100456621,OPS=0.662;OBP=0.329;K%=0.306;PA=219,,,after_count,after_0B_0S,DH_primary_or_bridge,
foreign_hitter,of_dh_bridge_bat,repair the replacement-relevant OF/DH bridge,role_split_context,DH_primary_or_bridge:after_count:after_1B_0S,1.7465868263473054,OPS=0.761;OBP=0.371;K%=0.353;PA=167,,,after_count,after_1B_0S,DH_primary_or_bridge,
foreign_hitter,context_runway_bat,add offense in SSG-specific weak game states,role_split_context,OF_lower_or_mixed_usage:after_count:after_0B_1S,1.7286168849844432,OPS=0.634;OBP=0.304;K%=0.222;PA=419,,,after_count,after_0B_1S,OF_lower_or_mixed_usage,
foreign_hitter,first_base_traffic_converter,turn runner-on-first states into scoring-position pressure,role_split_context,OF_high_leverage_usage:runner_context:on_first,1.7216666666666667,OPS=0.383;OBP=0.25;K%=0.212;PA=52,,,runner_context,on_first,OF_high_leverage_usage,
foreign_hitter,context_runway_bat,add offense in SSG-specific weak game states,role_split_context,OF_high_leverage_usage:inning_context:7,1.7194658119658124,OPS=0.416;OBP=0.185;K%=0.296;PA=27,,,inning_context,7,OF_high_leverage_usage,
foreign_hitter,of_dh_bridge_bat,repair the replacement-relevant OF/DH bridge,role_split_context,DH_primary_or_bridge:stadium:2001,1.7089262934089298,OPS=0.627;OBP=0.314;K%=0.343;PA=102,,,stadium,2001,DH_primary_or_bridge,
foreign_hitter,of_dh_bridge_bat,repair the replacement-relevant OF/DH bridge,role_split_context,DH_primary_or_bridge:location:Home,1.7089262934089298,OPS=0.627;OBP=0.314;K%=0.343;PA=102,,,location,Home,DH_primary_or_bridge,
foreign_hitter,first_base_traffic_converter,turn runner-on-first states into scoring-position pressure,role_runway_context,DH_primary_or_bridge:runner_on_base,1.6967213114754096,OPS=0.716;OBP=0.369;GDP/PA=0.025;PA=122,,,,runner_on_base,DH_primary_or_bridge,
foreign_hitter,two_strike_survival_bat,reduce replacement-slot collapse after two strikes,batting_team_context_rank,count:0B_2S,1.6928888888888889,OPS_rank=2.0;OBP_rank=2.0;OPS=0.445;PA=201,count,0B_2S,,,,
foreign_hitter,context_runway_bat,add offense in SSG-specific weak game states,role_split_context,OF_lower_or_mixed_usage:terminal_count:2B_1S,1.6883333333333332,OPS=0.359;OBP=0.192;K%=0.0;PA=26,,,terminal_count,2B_1S,OF_lower_or_mixed_usage,
foreign_hitter,rhp_role_stabilizer,stabilize OF/DH production against right-handed pitching,role_split_context,OF_high_leverage_usage:pitcher_type:vs_right_orthdodx,1.6688581952117867,OPS=0.685;OBP=0.287;K%=0.196;PA=194,,,pitcher_type,vs_right_orthdodx,OF_high_leverage_usage,
foreign_hitter,context_runway_bat,add offense in SSG-specific weak game states,role_split_context,OF_high_leverage_usage:stadium:2001,1.6653371501272265,OPS=0.682;OBP=0.29;K%=0.198;PA=131,,,stadium,2001,OF_high_leverage_usage,
foreign_hitter,context_runway_bat,add offense in SSG-specific weak game states,role_split_context,OF_high_leverage_usage:location:Home,1.6653371501272265,OPS=0.682;OBP=0.29;K%=0.198;PA=131,,,location,Home,OF_high_leverage_usage,
foreign_hitter,context_runway_bat,add offense in SSG-specific weak game states,role_split_context,OF_lower_or_mixed_usage:after_count:after_1B_1S,1.6493043583097233,OPS=0.643;OBP=0.326;K%=0.233;PA=313,,,after_count,after_1B_1S,OF_lower_or_mixed_usage,
foreign_hitter,context_runway_bat,add offense in SSG-specific weak game states,role_split_context,OF_lower_or_mixed_usage:location:Home,1.6440812759449424,OPS=0.66;OBP=0.309;K%=0.196;PA=230,,,location,Home,OF_lower_or_mixed_usage,
foreign_hitter,context_runway_bat,add offense in SSG-specific weak game states,role_split_context,OF_lower_or_mixed_usage:stadium:2001,1.6440812759449424,OPS=0.66;OBP=0.309;K%=0.196;PA=230,,,stadium,2001,OF_lower_or_mixed_usage,
foreign_hitter,two_strike_survival_bat,reduce replacement-slot collapse after two strikes,role_split_context,OF_high_leverage_usage:score_context:within_two_run,1.6391613257017517,OPS=0.683;OBP=0.296;K%=0.202;PA=178,,,score_context,within_two_run,OF_high_leverage_usage,
foreign_hitter,context_runway_bat,add offense in SSG-specific weak game states,role_split_context,OF_high_leverage_usage:inning_context:6,1.6371969696969697,OPS=0.412;OBP=0.2;K%=0.2;PA=35,,,inning_context,6,OF_high_leverage_usage,
foreign_hitter,first_base_traffic_converter,turn runner-on-first states into scoring-position pressure,role_split_context,OF_lower_or_mixed_usage:runner_context:runner_on_base,1.6370803840208281,OPS=0.659;OBP=0.311;K%=0.157;PA=242,,,runner_context,runner_on_base,OF_lower_or_mixed_usage,
foreign_hitter,rhp_role_stabilizer,stabilize OF/DH production against right-handed pitching,role_split_context,OF_lower_or_mixed_usage:pitcher_type:vs_right_orthdodx,1.6367815671647854,OPS=0.645;OBP=0.32;K%=0.17;PA=382,,,pitcher_type,vs_right_orthdodx,OF_lower_or_mixed_usage,
foreign_hitter,rhp_role_stabilizer,stabilize OF/DH production against right-handed pitching,role_split_context,OF_high_leverage_usage:pitcher_type:vs_right,1.6355533145085381,OPS=0.688;OBP=0.294;K%=0.195;PA=200,,,pitcher_type,vs_right,OF_high_leverage_usage,
foreign_hitter,context_runway_bat,add offense in SSG-specific weak game states,role_split_context,OF_high_leverage_usage:vsTeam:11001,1.6216666666666666,OPS=0.408;OBP=0.2;K%=0.28;PA=25,,,vsTeam,11001,OF_high_leverage_usage,
foreign_hitter,rhp_role_stabilizer,stabilize OF/DH production against right-handed pitching,role_split_context,OF_lower_or_mixed_usage:pitcher_type:vs_right,1.618547575708701,OPS=0.653;OBP=0.322;K%=0.173;PA=392,,,pitcher_type,vs_right,OF_lower_or_mixed_usage,
foreign_hitter,context_runway_bat,add offense in SSG-specific weak game states,role_split_context,OF_high_leverage_usage:score_context:within_one_run,1.601509721692718,OPS=0.693;OBP=0.3;K%=0.233;PA=129,,,score_context,within_one_run,OF_high_leverage_usage,
foreign_hitter,two_strike_survival_bat,reduce replacement-slot collapse after two strikes,role_split_context,OF_lower_or_mixed_usage:score_context:within_two_run,1.5829523133357,OPS=0.668;OBP=0.319;K%=0.204;PA=313,,,score_context,within_two_run,OF_lower_or_mixed_usage,
foreign_hitter,of_dh_bridge_bat,repair the replacement-relevant OF/DH bridge,role_split_context,DH_primary_or_bridge:after_count:after_2B_0S,1.5751851851851852,OPS=0.815;OBP=0.454;K%=0.343;PA=108,,,after_count,after_2B_0S,DH_primary_or_bridge,
foreign_hitter,of_dh_bridge_bat,repair the replacement-relevant OF/DH bridge,role_split_context,DH_primary_or_bridge:location:Away,1.5685190325138776,OPS=0.692;OBP=0.342;K%=0.274;PA=117,,,location,Away,DH_primary_or_bridge,
foreign_hitter,first_base_traffic_converter,turn runner-on-first states into scoring-position pressure,role_split_context,DH_primary_or_bridge:runner_context:runner_on_base,1.5645901639344262,OPS=0.716;OBP=0.369;K%=0.262;PA=122,,,runner_context,runner_on_base,DH_primary_or_bridge,
foreign_hitter,context_runway_bat,add offense in SSG-specific weak game states,role_split_context,OF_high_leverage_usage:month:month4,1.5638917525773197,OPS=0.66;OBP=0.279;K%=0.202;PA=104,,,month,month4,OF_high_leverage_usage,
foreign_hitter,context_runway_bat,add offense in SSG-specific weak game states,batting_team_context_rank,count:3B_1S,1.5631111111111111,OPS_rank=1.0;OBP_rank=1.0;OPS=1.558;PA=113,count,3B_1S,,,,
foreign_hitter,context_runway_bat,add offense in SSG-specific weak game states,role_split_context,OF_lower_or_mixed_usage:runner_context:risp,1.561762466692044,OPS=0.675;OBP=0.324;K%=0.162;PA=142,,,runner_context,risp,OF_lower_or_mixed_usage,
foreign_hitter,context_runway_bat,add offense in SSG-specific weak game states,role_split_context,OF_high_leverage_usage:inning_context:innings_1_3,1.560492424242424,OPS=0.634;OBP=0.271;K%=0.208;PA=96,,,inning_context,innings_1_3,OF_high_leverage_usage,
foreign_hitter,of_dh_bridge_bat,repair the replacement-relevant OF/DH bridge,role_split_context,DH_primary_or_bridge:inning_context:4,1.5566459627329194,OPS=0.46;OBP=0.286;K%=0.464;PA=28,,,inning_context,4,DH_primary_or_bridge,
foreign_hitter,context_runway_bat,add offense in SSG-specific weak game states,role_split_context,OF_lower_or_mixed_usage:day:0,1.5551657824933687,OPS=0.584;OBP=0.276;K%=0.207;PA=87,,,day,0,OF_lower_or_mixed_usage,
foreign_hitter,context_runway_bat,add offense in SSG-specific weak game states,role_split_context,OF_lower_or_mixed_usage:after_count:after_0B_0S,1.5512008743093562,OPS=0.68;OBP=0.323;K%=0.18;PA=518,,,after_count,after_0B_0S,OF_lower_or_mixed_usage,
foreign_hitter,context_runway_bat,add offense in SSG-specific weak game states,role_split_context,OF_lower_or_mixed_usage:score_context:within_one_run,1.5510912698412698,OPS=0.68;OBP=0.33;K%=0.205;PA=224,,,score_context,within_one_run,OF_lower_or_mixed_usage,
foreign_hitter,of_dh_bridge_bat,repair the replacement-relevant OF/DH bridge,role_split_context,DH_primary_or_bridge:inning_context:innings_4_6,1.5501463607594936,OPS=0.595;OBP=0.329;K%=0.38;PA=79,,,inning_context,innings_4_6,DH_primary_or_bridge,
foreign_hitter,context_runway_bat,add offense in SSG-specific weak game states,role_split_context,OF_lower_or_mixed_usage:score_context:within_three_run,1.5478609625668447,OPS=0.681;OBP=0.321;K%=0.213;PA=375,,,score_context,within_three_run,OF_lower_or_mixed_usage,
foreign_hitter,context_runway_bat,add offense in SSG-specific weak game states,role_runway_context,OF_high_leverage_usage:risp,1.5410914927768857,OPS=0.879;OBP=0.367;GDP/PA=0.034;PA=89,,,,risp,OF_high_leverage_usage,
foreign_hitter,context_runway_bat,add offense in SSG-specific weak game states,role_split_context,OF_lower_or_mixed_usage:score_context:within_four_run,1.5409144642978463,OPS=0.684;OBP=0.32;K%=0.204;PA=411,,,score_context,within_four_run,OF_lower_or_mixed_usage,
foreign_hitter,context_runway_bat,add offense in SSG-specific weak game states,role_split_context,OF_high_leverage_usage:score_context:within_three_run,1.5405633802816905,OPS=0.712;OBP=0.31;K%=0.189;PA=212,,,score_context,within_three_run,OF_high_leverage_usage,
foreign_hitter,context_runway_bat,add offense in SSG-specific weak game states,role_split_context,OF_high_leverage_usage:runner_context:no_runner,1.53,OPS=0.779;OBP=0.312;K%=0.172;PA=128,,,runner_context,no_runner,OF_high_leverage_usage,
foreign_hitter,context_runway_bat,add offense in SSG-specific weak game states,role_split_context,OF_lower_or_mixed_usage:inning_context:innings_4_6,1.529597760729836,OPS=0.688;OBP=0.33;K%=0.148;PA=182,,,inning_context,innings_4_6,OF_lower_or_mixed_usage,
foreign_hitter,context_runway_bat,add offense in SSG-specific weak game states,role_split_context,OF_lower_or_mixed_usage:inning_context:innings_7_9,1.5200960951799878,OPS=0.692;OBP=0.33;K%=0.153;PA=176,,,inning_context,innings_7_9,OF_lower_or_mixed_usage,
foreign_hitter,first_base_traffic_converter,turn runner-on-first states into scoring-position pressure,role_split_context,OF_lower_or_mixed_usage:runner_context:on_first,1.5157445421961553,OPS=0.637;OBP=0.293;K%=0.15;PA=100,,,runner_context,on_first,OF_lower_or_mixed_usage,
foreign_hitter,of_dh_bridge_bat,repair the replacement-relevant OF/DH bridge,role_split_context,DH_primary_or_bridge:after_count:after_2B_1S,1.515386597938144,OPS=0.736;OBP=0.423;K%=0.381;PA=97,,,after_count,after_2B_1S,DH_primary_or_bridge,
foreign_hitter,context_runway_bat,add offense in SSG-specific weak game states,role_split_context,OF_high_leverage_usage:score_context:within_four_run,1.5141772151898736,OPS=0.716;OBP=0.316;K%=0.182;PA=236,,,score_context,within_four_run,OF_high_leverage_usage,
foreign_hitter,context_runway_bat,add offense in SSG-specific weak game states,role_split_context,OF_lower_or_mixed_usage:month:month4,1.5130549490538572,OPS=0.695;OBP=0.341;K%=0.191;PA=230,,,month,month4,OF_lower_or_mixed_usage,
foreign_hitter,context_runway_bat,add offense in SSG-specific weak game states,role_split_context,OF_lower_or_mixed_usage:location:Away,1.5129533496029,OPS=0.695;OBP=0.334;K%=0.167;PA=288,,,location,Away,OF_lower_or_mixed_usage,
foreign_hitter,context_runway_bat,add offense in SSG-specific weak game states,role_split_context,OF_lower_or_mixed_usage:runner_context:no_runner,1.5075757575757573,OPS=0.697;OBP=0.333;K%=0.199;PA=276,,,runner_context,no_runner,OF_lower_or_mixed_usage,
foreign_hitter,context_runway_bat,add offense in SSG-specific weak game states,role_split_context,OF_high_leverage_usage:score_context:tied_game,1.5063647515845433,OPS=0.575;OBP=0.247;K%=0.222;PA=72,,,score_context,tied_game,OF_high_leverage_usage,
foreign_hitter,context_runway_bat,add offense in SSG-specific weak game states,role_split_context,OF_high_leverage_usage:after_count:after_0B_0S,1.5059259259259261,OPS=0.739;OBP=0.319;K%=0.175;PA=269,,,after_count,after_0B_0S,OF_high_leverage_usage,
foreign_hitter,two_strike_survival_bat,reduce replacement-slot collapse after two strikes,role_split_context,OF_high_leverage_usage:after_count:after_2B_2S,1.501720619282196,OPS=0.538;OBP=0.293;K%=0.362;PA=58,,,after_count,after_2B_2S,OF_high_leverage_usage,
foreign_hitter,first_base_traffic_converter,turn runner-on-first states into scoring-position pressure,role_split_context,OF_high_leverage_usage:runner_context:runner_on_base,1.5001408450704223,OPS=0.7;OBP=0.324;K%=0.177;PA=141,,,runner_context,runner_on_base,OF_high_leverage_usage,
foreign_hitter,context_runway_bat,add offense in SSG-specific weak game states,role_split_context,OF_lower_or_mixed_usage:pitcher_type:vs_left_orthdodx,1.5,OPS=0.759;OBP=0.325;K%=0.198;PA=126,,,pitcher_type,vs_left_orthdodx,OF_lower_or_mixed_usage,
foreign_hitter,context_runway_bat,add offense in SSG-specific weak game states,role_split_context,OF_lower_or_mixed_usage:pitcher_type:vs_left,1.5,OPS=0.759;OBP=0.325;K%=0.198;PA=126,,,pitcher_type,vs_left,OF_lower_or_mixed_usage,
foreign_hitter,context_runway_bat,add offense in SSG-specific weak game states,role_split_context,OF_high_leverage_usage:after_count:after_1B_0S,1.5,OPS=0.726;OBP=0.337;K%=0.197;PA=183,,,after_count,after_1B_0S,OF_high_leverage_usage,
foreign_hitter,context_runway_bat,add offense in SSG-specific weak game states,role_split_context,OF_lower_or_mixed_usage:after_count:after_2B_0S,1.5,OPS=0.765;OBP=0.441;K%=0.152;PA=204,,,after_count,after_2B_0S,OF_lower_or_mixed_usage,
foreign_hitter,context_runway_bat,add offense in SSG-specific weak game states,role_split_context,OF_lower_or_mixed_usage:after_count:after_1B_0S,1.5,OPS=0.721;OBP=0.357;K%=0.196;PA=373,,,after_count,after_1B_0S,OF_lower_or_mixed_usage,
foreign_hitter,context_runway_bat,add offense in SSG-specific weak game states,role_split_context,OF_lower_or_mixed_usage:after_count:after_2B_1S,1.5,OPS=0.727;OBP=0.407;K%=0.17;PA=182,,,after_count,after_2B_1S,OF_lower_or_mixed_usage,
foreign_hitter,two_strike_survival_bat,reduce replacement-slot collapse after two strikes,role_split_context,OF_lower_or_mixed_usage:after_count:after_2B_2S,1.5,OPS=0.786;OBP=0.407;K%=0.23;PA=135,,,after_count,after_2B_2S,OF_lower_or_mixed_usage,
foreign_hitter,context_runway_bat,add offense in SSG-specific weak game states,role_split_context,OF_high_leverage_usage:location:Away,1.5,OPS=0.793;OBP=0.345;K%=0.151;PA=139,,,location,Away,OF_high_leverage_usage,
foreign_hitter,of_dh_bridge_bat,repair the replacement-relevant OF/DH bridge,role_split_context,DH_primary_or_bridge:inning_context:innings_1_3,1.4418589743589743,OPS=0.57;OBP=0.293;K%=0.267;PA=75,,,inning_context,innings_1_3,DH_primary_or_bridge,
foreign_hitter,context_runway_bat,add offense in SSG-specific weak game states,role_split_context,OF_lower_or_mixed_usage:score_context:more_five_run,1.4417808035234718,OPS=0.658;OBP=0.336;K%=0.084;PA=107,,,score_context,more_five_run,OF_lower_or_mixed_usage,
foreign_hitter,first_base_traffic_converter,turn runner-on-first states into scoring-position pressure,role_split_context,OF_lower_or_mixed_usage:runner_context:lt2_out_on_first,1.4311363636363637,OPS=0.705;OBP=0.309;K%=0.135;PA=111,,,runner_context,lt2_out_on_first,OF_lower_or_mixed_usage,
foreign_hitter,context_runway_bat,add offense in SSG-specific weak game states,role_split_context,OF_high_leverage_usage:month:month5,1.425,OPS=0.75;OBP=0.36;K%=0.149;PA=114,,,month,month5,OF_high_leverage_usage,
foreign_hitter,context_runway_bat,add offense in SSG-specific weak game states,role_split_context,OF_lower_or_mixed_usage:score_context:tied_game,1.4189723320158103,OPS=0.682;OBP=0.345;K%=0.227;PA=110,,,score_context,tied_game,OF_lower_or_mixed_usage,
foreign_hitter,context_runway_bat,add offense in SSG-specific weak game states,role_split_context,OF_lower_or_mixed_usage:terminal_count:0B_0S,1.3746428571428573,OPS=0.488;OBP=0.231;K%=0.0;PA=39,,,terminal_count,0B_0S,OF_lower_or_mixed_usage,
foreign_hitter,context_runway_bat,add offense in SSG-specific weak game states,role_split_context,OF_lower_or_mixed_usage:vsTeam:7002,1.3657142857142859,OPS=0.586;OBP=0.3;K%=0.138;PA=80,,,vsTeam,7002,OF_lower_or_mixed_usage,
foreign_hitter,of_dh_bridge_bat,repair the replacement-relevant OF/DH bridge,role_split_context,DH_primary_or_bridge:vsTeam:2002,1.3575000000000002,OPS=0.425;OBP=0.3;K%=0.4;PA=20,,,vsTeam,2002,DH_primary_or_bridge,
foreign_hitter,context_runway_bat,add offense in SSG-specific weak game states,role_split_context,OF_lower_or_mixed_usage:day:4,1.3504351751534847,OPS=0.591;OBP=0.295;K%=0.231;PA=78,,,day,4,OF_lower_or_mixed_usage,
foreign_hitter,context_runway_bat,add offense in SSG-specific weak game states,role_split_context,OF_lower_or_mixed_usage:vsTeam:1001,1.319627659574468,OPS=0.477;OBP=0.277;K%=0.17;PA=47,,,vsTeam,1001,OF_lower_or_mixed_usage,
foreign_hitter,context_runway_bat,add offense in SSG-specific weak game states,role_split_context,OF_lower_or_mixed_usage:inning_context:5,1.3169103773584907,OPS=0.558;OBP=0.245;K%=0.151;PA=53,,,inning_context,5,OF_lower_or_mixed_usage,
foreign_hitter,context_runway_bat,add offense in SSG-specific weak game states,role_split_context,OF_lower_or_mixed_usage:after_count:after_3B_0S,1.3,OPS=0.924;OBP=0.635;K%=0.115;PA=104,,,after_count,after_3B_0S,OF_lower_or_mixed_usage,
foreign_hitter,two_strike_survival_bat,reduce replacement-slot collapse after two strikes,role_split_context,OF_lower_or_mixed_usage:terminal_count:2B_2S,1.2965151515151516,OPS=0.658;OBP=0.258;K%=0.288;PA=66,,,terminal_count,2B_2S,OF_lower_or_mixed_usage,
foreign_hitter,of_dh_bridge_bat,repair the replacement-relevant OF/DH bridge,role_split_context,DH_primary_or_bridge:day:4,1.2873491379310344,OPS=0.598;OBP=0.219;K%=0.344;PA=32,,,day,4,DH_primary_or_bridge,
foreign_hitter,context_runway_bat,add offense in SSG-specific weak game states,role_split_context,OF_lower_or_mixed_usage:day:2,1.275,OPS=0.794;OBP=0.382;K%=0.157;PA=102,,,day,2,OF_lower_or_mixed_usage,
foreign_hitter,of_dh_bridge_bat,repair the replacement-relevant OF/DH bridge,role_split_context,DH_primary_or_bridge:month:month5,1.2566666666666666,OPS=0.893;OBP=0.393;K%=0.333;PA=84,,,month,month5,DH_primary_or_bridge,
foreign_hitter,context_runway_bat,add offense in SSG-specific weak game states,role_split_context,OF_high_leverage_usage:inning_context:innings_4_6,1.225,OPS=0.825;OBP=0.347;K%=0.122;PA=98,,,inning_context,innings_4_6,OF_high_leverage_usage,
foreign_hitter,context_runway_bat,add offense in SSG-specific weak game states,role_split_context,OF_lower_or_mixed_usage:runner_context:on_full,1.2021291866028707,OPS=0.55;OBP=0.182;K%=0.182;PA=22,,,runner_context,on_full,OF_lower_or_mixed_usage,
foreign_hitter,first_base_traffic_converter,turn runner-on-first states into scoring-position pressure,role_runway_context,DH_primary_or_bridge:lt2_out_on_first,1.1761904761904756,OPS=0.821;OBP=0.333;GDP/PA=0.067;PA=45,,,,lt2_out_on_first,DH_primary_or_bridge,
foreign_hitter,context_runway_bat,add offense in SSG-specific weak game states,role_split_context,OF_lower_or_mixed_usage:day:6,1.175,OPS=0.769;OBP=0.362;K%=0.213;PA=94,,,day,6,OF_lower_or_mixed_usage,
foreign_hitter,of_dh_bridge_bat,repair the replacement-relevant OF/DH bridge,role_split_context,DH_primary_or_bridge:inning_context:2,1.1717857142857147,OPS=0.588;OBP=0.238;K%=0.381;PA=21,,,inning_context,2,DH_primary_or_bridge,
foreign_hitter,context_runway_bat,add offense in SSG-specific weak game states,role_split_context,OF_lower_or_mixed_usage:vsTeam:10001,1.1715614007035497,OPS=0.632;OBP=0.254;K%=0.169;PA=59,,,vsTeam,10001,OF_lower_or_mixed_usage,
foreign_hitter,context_runway_bat,add offense in SSG-specific weak game states,role_split_context,OF_high_leverage_usage:after_count:after_2B_0S,1.1625,OPS=0.788;OBP=0.394;K%=0.226;PA=93,,,after_count,after_2B_0S,OF_high_leverage_usage,
foreign_hitter,context_runway_bat,add offense in SSG-specific weak game states,role_split_context,OF_high_leverage_usage:after_count:after_2B_1S,1.1585364525213875,OPS=0.665;OBP=0.341;K%=0.259;PA=81,,,after_count,after_2B_1S,OF_high_leverage_usage,
foreign_hitter,of_dh_bridge_bat,repair the replacement-relevant OF/DH bridge,role_split_context,DH_primary_or_bridge:day:3,1.1577875243664715,OPS=0.517;OBP=0.368;K%=0.342;PA=38,,,day,3,DH_primary_or_bridge,
foreign_hitter,context_runway_bat,add offense in SSG-specific weak game states,role_split_context,OF_lower_or_mixed_usage:inning_context:2,1.131470588235294,OPS=0.746;OBP=0.306;K%=0.198;PA=86,,,inning_context,2,OF_lower_or_mixed_usage,
foreign_hitter,context_runway_bat,add offense in SSG-specific weak game states,role_split_context,OF_lower_or_mixed_usage:after_count:after_3B_1S,1.125,OPS=0.867;OBP=0.578;K%=0.133;PA=90,,,after_count,after_3B_1S,OF_lower_or_mixed_usage,
foreign_hitter,context_runway_bat,add offense in SSG-specific weak game states,role_split_context,OF_lower_or_mixed_usage:stadium:1003,1.123708133971292,OPS=0.543;OBP=0.227;K%=0.273;PA=22,,,stadium,1003,OF_lower_or_mixed_usage,
foreign_hitter,context_runway_bat,add offense in SSG-specific weak game states,role_split_context,OF_high_leverage_usage:runner_context:risp,1.1125,OPS=0.879;OBP=0.367;K%=0.157;PA=89,,,runner_context,risp,OF_high_leverage_usage,
foreign_hitter,context_runway_bat,add offense in SSG-specific weak game states,role_split_context,OF_lower_or_mixed_usage:stadium:4003,1.0982539682539685,OPS=0.605;OBP=0.302;K%=0.095;PA=63,,,stadium,4003,OF_lower_or_mixed_usage,
foreign_hitter,first_base_traffic_converter,turn runner-on-first states into scoring-position pressure,role_split_context,OF_high_leverage_usage:runner_context:on_first_second,1.0550000000000002,OPS=0.551;OBP=0.231;K%=0.115;PA=26,,,runner_context,on_first_second,OF_high_leverage_usage,
foreign_hitter,context_runway_bat,add offense in SSG-specific weak game states,role_split_context,OF_lower_or_mixed_usage:runner_context:lt2_out_on_third,1.0476724137931035,OPS=0.607;OBP=0.207;K%=0.138;PA=29,,,runner_context,lt2_out_on_third,OF_lower_or_mixed_usage,
foreign_hitter,context_runway_bat,add offense in SSG-specific weak game states,role_split_context,OF_high_leverage_usage:inning_context:1,1.0307446808510636,OPS=0.642;OBP=0.28;K%=0.28;PA=50,,,inning_context,1,OF_high_leverage_usage,
foreign_hitter,context_runway_bat,add offense in SSG-specific weak game states,role_split_context,OF_lower_or_mixed_usage:inning_context:1,1.02859649122807,OPS=0.491;OBP=0.333;K%=0.333;PA=24,,,inning_context,1,OF_lower_or_mixed_usage,
foreign_hitter,context_runway_bat,add offense in SSG-specific weak game states,role_split_context,OF_high_leverage_usage:day:2,1.027692973775359,OPS=0.627;OBP=0.255;K%=0.191;PA=47,,,day,2,OF_high_leverage_usage,
foreign_hitter,of_dh_bridge_bat,repair the replacement-relevant OF/DH bridge,role_split_context,DH_primary_or_bridge:inning_context:1,1.0049660397074192,OPS=0.549;OBP=0.273;K%=0.242;PA=33,,,inning_context,1,DH_primary_or_bridge,
foreign_hitter,context_runway_bat,add offense in SSG-specific weak game states,role_split_context,OF_lower_or_mixed_usage:score_context:2_out_risp,0.9829477782867613,OPS=0.677;OBP=0.338;K%=0.203;PA=74,,,score_context,2_out_risp,OF_lower_or_mixed_usage,
foreign_hitter,first_base_traffic_converter,turn runner-on-first states into scoring-position pressure,role_split_context,OF_lower_or_mixed_usage:runner_context:on_first_second,0.964072827417381,OPS=0.595;OBP=0.279;K%=0.163;PA=43,,,runner_context,on_first_second,OF_lower_or_mixed_usage,
foreign_hitter,of_dh_bridge_bat,repair the replacement-relevant OF/DH bridge,role_runway_context,DH_primary_or_bridge:risp,0.9571428571428572,OPS=0.943;OBP=0.463;GDP/PA=0.0;PA=67,,,,risp,DH_primary_or_bridge,
foreign_hitter,context_runway_bat,add offense in SSG-specific weak game states,role_split_context,OF_lower_or_mixed_usage:inning_context:7,0.9524358974358976,OPS=0.624;OBP=0.317;K%=0.15;PA=60,,,inning_context,7,OF_lower_or_mixed_usage,
foreign_hitter,context_runway_bat,add offense in SSG-specific weak game states,role_split_context,OF_high_leverage_usage:inning_context:innings_7_9,0.9125,OPS=0.762;OBP=0.338;K%=0.205;PA=73,,,inning_context,innings_7_9,OF_high_leverage_usage,
foreign_hitter,context_runway_bat,add offense in SSG-specific weak game states,role_split_context,OF_high_leverage_usage:day:4,0.9083834586466166,OPS=0.602;OBP=0.286;K%=0.095;PA=42,,,day,4,OF_high_leverage_usage,
foreign_hitter,context_runway_bat,add offense in SSG-specific weak game states,role_split_context,OF_lower_or_mixed_usage:stadium:1001,0.9053571428571427,OPS=0.693;OBP=0.343;K%=0.127;PA=71,,,stadium,1001,OF_lower_or_mixed_usage,
foreign_hitter,context_runway_bat,add offense in SSG-specific weak game states,role_split_context,OF_lower_or_mixed_usage:day:5,0.9,OPS=0.878;OBP=0.352;K%=0.125;PA=72,,,day,5,OF_lower_or_mixed_usage,
foreign_hitter,of_dh_bridge_bat,repair the replacement-relevant OF/DH bridge,role_split_context,DH_primary_or_bridge:inning_context:innings_7_9,0.875576923076923,OPS=0.859;OBP=0.369;K%=0.262;PA=65,,,inning_context,innings_7_9,DH_primary_or_bridge,
foreign_hitter,context_runway_bat,add offense in SSG-specific weak game states,role_split_context,OF_lower_or_mixed_usage:vsTeam:12001,0.875,OPS=0.838;OBP=0.371;K%=0.186;PA=70,,,vsTeam,12001,OF_lower_or_mixed_usage,
foreign_hitter,context_runway_bat,add offense in SSG-specific weak game states,role_split_context,OF_lower_or_mixed_usage:vsTeam:6002,0.8697727272727274,OPS=0.648;OBP=0.273;K%=0.227;PA=44,,,vsTeam,6002,OF_lower_or_mixed_usage,
foreign_hitter,of_dh_bridge_bat,repair the replacement-relevant OF/DH bridge,role_split_context,DH_primary_or_bridge:day:5,0.8674014778325123,OPS=0.55;OBP=0.343;K%=0.257;PA=35,,,day,5,DH_primary_or_bridge,
foreign_hitter,context_runway_bat,add offense in SSG-specific weak game states,role_split_context,OF_high_leverage_usage:pitcher_type:vs_left,0.8625,OPS=0.891;OBP=0.391;K%=0.116;PA=69,,,pitcher_type,vs_left,OF_high_leverage_usage,
foreign_hitter,two_strike_survival_bat,reduce replacement-slot collapse after two strikes,role_split_context,OF_lower_or_mixed_usage:terminal_count:3B_2S,0.8625,OPS=0.893;OBP=0.551;K%=0.174;PA=69,,,terminal_count,3B_2S,OF_lower_or_mixed_usage,
foreign_hitter,context_runway_bat,add offense in SSG-specific weak game states,role_split_context,OF_high_leverage_usage:pitcher_type:vs_left_orthdodx,0.8625,OPS=0.891;OBP=0.391;K%=0.116;PA=69,,,pitcher_type,vs_left_orthdodx,OF_high_leverage_usage,
foreign_hitter,two_strike_survival_bat,reduce replacement-slot collapse after two strikes,role_split_context,OF_lower_or_mixed_usage:after_count:after_3B_2S,0.8625,OPS=0.893;OBP=0.551;K%=0.174;PA=69,,,after_count,after_3B_2S,OF_lower_or_mixed_usage,
foreign_hitter,context_runway_bat,add offense in SSG-specific weak game states,role_split_context,OF_lower_or_mixed_usage:vsTeam:3001,0.8577815214135973,OPS=0.676;OBP=0.317;K%=0.175;PA=63,,,vsTeam,3001,OF_lower_or_mixed_usage,
foreign_hitter,of_dh_bridge_bat,repair the replacement-relevant OF/DH bridge,role_split_context,DH_primary_or_bridge:month:month6,0.8526050420168064,OPS=0.674;OBP=0.353;K%=0.412;PA=34,,,month,month6,DH_primary_or_bridge,
foreign_hitter,of_dh_bridge_bat,repair the replacement-relevant OF/DH bridge,role_split_context,DH_primary_or_bridge:score_context:more_five_run,0.8508128583128584,OPS=0.667;OBP=0.243;K%=0.216;PA=37,,,score_context,more_five_run,DH_primary_or_bridge,
foreign_hitter,of_dh_bridge_bat,repair the replacement-relevant OF/DH bridge,role_split_context,DH_primary_or_bridge:after_count:after_3B_0S,0.8400000000000001,OPS=0.962;OBP=0.641;K%=0.25;PA=64,,,after_count,after_3B_0S,DH_primary_or_bridge,
foreign_hitter,of_dh_bridge_bat,repair the replacement-relevant OF/DH bridge,role_split_context,DH_primary_or_bridge:runner_context:risp,0.8375,OPS=0.943;OBP=0.463;K%=0.194;PA=67,,,runner_context,risp,DH_primary_or_bridge,
foreign_hitter,context_runway_bat,add offense in SSG-specific weak game states,role_split_context,OF_lower_or_mixed_usage:inning_context:9,0.8375,OPS=0.732;OBP=0.373;K%=0.149;PA=67,,,inning_context,9,OF_lower_or_mixed_usage,
foreign_hitter,of_dh_bridge_bat,repair the replacement-relevant OF/DH bridge,role_split_context,DH_primary_or_bridge:after_count:after_3B_1S,0.8139035087719297,OPS=0.947;OBP=0.614;K%=0.281;PA=57,,,after_count,after_3B_1S,DH_primary_or_bridge,
foreign_hitter,context_runway_bat,add offense in SSG-specific weak game states,role_split_context,OF_lower_or_mixed_usage:inning_context:4,0.8125,OPS=0.787;OBP=0.369;K%=0.138;PA=65,,,inning_context,4,OF_lower_or_mixed_usage,
foreign_hitter,two_strike_survival_bat,reduce replacement-slot collapse after two strikes,role_split_context,DH_primary_or_bridge:terminal_count:3B_2S,0.8106521739130432,OPS=0.714;OBP=0.522;K%=0.348;PA=46,,,terminal_count,3B_2S,DH_primary_or_bridge,
foreign_hitter,two_strike_survival_bat,reduce replacement-slot collapse after two strikes,role_split_context,DH_primary_or_bridge:after_count:after_3B_2S,0.8106521739130432,OPS=0.714;OBP=0.522;K%=0.348;PA=46,,,after_count,after_3B_2S,DH_primary_or_bridge,
foreign_pitcher,run_prevention_stabilizer,raise the floor of run prevention across contexts,pitching_team_context_rank,count:2B_0S,0.8066666666666668,ERA_rank=2.0;WHIP_rank=1.0;OPS_allowed_rank=1.0;TBF=56,count,2B_0S,,,,
foreign_hitter,context_runway_bat,add offense in SSG-specific weak game states,role_split_context,OF_lower_or_mixed_usage:inning_context:6,0.8033482142857142,OPS=0.699;OBP=0.359;K%=0.156;PA=64,,,inning_context,6,OF_lower_or_mixed_usage,
foreign_hitter,context_runway_bat,add offense in SSG-specific weak game states,role_split_context,OF_lower_or_mixed_usage:vsTeam:5002,0.775,OPS=0.745;OBP=0.361;K%=0.097;PA=62,,,vsTeam,5002,OF_lower_or_mixed_usage,
foreign_hitter,context_runway_bat,add offense in SSG-specific weak game states,role_split_context,OF_lower_or_mixed_usage:inning_context:8,0.7496428571428573,OPS=0.718;OBP=0.286;K%=0.163;PA=49,,,inning_context,8,OF_lower_or_mixed_usage,
foreign_hitter,context_runway_bat,add offense in SSG-specific weak game states,role_split_context,OF_lower_or_mixed_usage:vsTeam:11001,0.7365909090909091,OPS=0.805;OBP=0.418;K%=0.255;PA=55,,,vsTeam,11001,OF_lower_or_mixed_usage,
foreign_hitter,context_runway_bat,add offense in SSG-specific weak game states,role_split_context,OF_lower_or_mixed_usage:month:month6,0.7,OPS=0.86;OBP=0.393;K%=0.107;PA=56,,,month,month6,OF_lower_or_mixed_usage,
foreign_hitter,context_runway_bat,add offense in SSG-specific weak game states,role_split_context,OF_high_leverage_usage:day:6,0.6899296675191815,OPS=0.679;OBP=0.353;K%=0.157;PA=51,,,day,6,OF_high_leverage_usage,
foreign_hitter,first_base_traffic_converter,turn runner-on-first states into scoring-position pressure,role_split_context,DH_primary_or_bridge:runner_context:lt2_out_on_first,0.6802777777777775,OPS=0.821;OBP=0.333;K%=0.289;PA=45,,,runner_context,lt2_out_on_first,DH_primary_or_bridge,
foreign_hitter,of_dh_bridge_bat,repair the replacement-relevant OF/DH bridge,role_split_context,DH_primary_or_bridge:pitcher_type:vs_left_orthdodx,0.675,OPS=0.761;OBP=0.389;K%=0.222;PA=54,,,pitcher_type,vs_left_orthdodx,DH_primary_or_bridge,
foreign_hitter,of_dh_bridge_bat,repair the replacement-relevant OF/DH bridge,role_split_context,DH_primary_or_bridge:pitcher_type:vs_left,0.675,OPS=0.761;OBP=0.389;K%=0.222;PA=54,,,pitcher_type,vs_left,DH_primary_or_bridge,
foreign_hitter,context_runway_bat,add offense in SSG-specific weak game states,role_split_context,OF_high_leverage_usage:day:0,0.6481818181818184,OPS=0.731;OBP=0.295;K%=0.205;PA=44,,,day,0,OF_high_leverage_usage,
foreign_hitter,context_runway_bat,add offense in SSG-specific weak game states,role_split_context,OF_high_leverage_usage:vsTeam:6002,0.638712121212121,OPS=0.61;OBP=0.292;K%=0.125;PA=24,,,vsTeam,6002,OF_high_leverage_usage,
foreign_hitter,context_runway_bat,add offense in SSG-specific weak game states,role_split_context,OF_lower_or_mixed_usage:terminal_count:0B_1S,0.6375,OPS=0.852;OBP=0.32;K%=0.0;PA=51,,,terminal_count,0B_1S,OF_lower_or_mixed_usage,
foreign_hitter,context_runway_bat,add offense in SSG-specific weak game states,role_split_context,OF_lower_or_mixed_usage:vsTeam:2002,0.6363312693498453,OPS=0.669;OBP=0.316;K%=0.263;PA=38,,,vsTeam,2002,OF_lower_or_mixed_usage,
foreign_hitter,of_dh_bridge_bat,repair the replacement-relevant OF/DH bridge,role_split_context,DH_primary_or_bridge:inning_context:5,0.6257142857142854,OPS=0.619;OBP=0.333;K%=0.292;PA=24,,,inning_context,5,DH_primary_or_bridge,
foreign_hitter,of_dh_bridge_bat,repair the replacement-relevant OF/DH bridge,role_split_context,DH_primary_or_bridge:inning_context:6,0.6182407407407406,OPS=0.72;OBP=0.37;K%=0.37;PA=27,,,inning_context,6,DH_primary_or_bridge,
foreign_hitter,context_runway_bat,add offense in SSG-specific weak game states,role_split_context,OF_lower_or_mixed_usage:stadium:7003,0.617548076923077,OPS=0.613;OBP=0.344;K%=0.156;PA=32,,,stadium,7003,OF_lower_or_mixed_usage,
foreign_hitter,context_runway_bat,add offense in SSG-specific weak game states,role_split_context,OF_high_leverage_usage:stadium:4003,0.6119047619047617,OPS=0.595;OBP=0.357;K%=0.179;PA=28,,,stadium,4003,OF_high_leverage_usage,
foreign_hitter,of_dh_bridge_bat,repair the replacement-relevant OF/DH bridge,role_split_context,DH_primary_or_bridge:vsTeam:6002,0.6115045766590388,OPS=0.62;OBP=0.304;K%=0.261;PA=23,,,vsTeam,6002,DH_primary_or_bridge,
foreign_hitter,of_dh_bridge_bat,repair the replacement-relevant OF/DH bridge,role_split_context,DH_primary_or_bridge:inning_context:8,0.6045833333333334,OPS=0.646;OBP=0.333;K%=0.333;PA=21,,,inning_context,8,DH_primary_or_bridge,
foreign_hitter,context_runway_bat,add offense in SSG-specific weak game states,role_split_context,OF_high_leverage_usage:terminal_count:0B_0S,0.5980555555555556,OPS=0.823;OBP=0.311;K%=0.0;PA=45,,,terminal_count,0B_0S,OF_high_leverage_usage,
foreign_hitter,of_dh_bridge_bat,repair the replacement-relevant OF/DH bridge,role_split_context,DH_primary_or_bridge:day:6,0.5913888888888887,OPS=1.034;OBP=0.444;K%=0.244;PA=45,,,day,6,DH_primary_or_bridge,
foreign_hitter,of_dh_bridge_bat,repair the replacement-relevant OF/DH bridge,role_split_context,DH_primary_or_bridge:inning_context:3,0.5913690476190476,OPS=0.568;OBP=0.381;K%=0.19;PA=21,,,inning_context,3,DH_primary_or_bridge,
foreign_hitter,context_runway_bat,add offense in SSG-specific weak game states,role_split_context,OF_high_leverage_usage:day:3,0.5875,OPS=1.034;OBP=0.383;K%=0.17;PA=47,,,day,3,OF_high_leverage_usage,
foreign_hitter,context_runway_bat,add offense in SSG-specific weak game states,role_split_context,OF_lower_or_mixed_usage:stadium:6001,0.5857608695652174,OPS=0.759;OBP=0.304;K%=0.348;PA=23,,,stadium,6001,OF_lower_or_mixed_usage,
foreign_hitter,context_runway_bat,add offense in SSG-specific weak game states,role_split_context,OF_lower_or_mixed_usage:stadium:2002,0.5646014492753619,OPS=0.639;OBP=0.292;K%=0.125;PA=24,,,stadium,2002,OF_lower_or_mixed_usage,
foreign_hitter,context_runway_bat,add offense in SSG-specific weak game states,role_split_context,OF_lower_or_mixed_usage:terminal_count:1B_1S,0.5572727272727274,OPS=0.795;OBP=0.318;K%=0.0;PA=44,,,terminal_count,1B_1S,OF_lower_or_mixed_usage,
foreign_hitter,context_runway_bat,add offense in SSG-specific weak game states,role_split_context,OF_high_leverage_usage:month:month6,0.5533108108108108,OPS=0.797;OBP=0.297;K%=0.135;PA=37,,,month,month6,OF_high_leverage_usage,
foreign_hitter,of_dh_bridge_bat,repair the replacement-relevant OF/DH bridge,role_split_context,DH_primary_or_bridge:vsTeam:5002,0.5532352941176469,OPS=0.782;OBP=0.353;K%=0.294;PA=34,,,vsTeam,5002,DH_primary_or_bridge,
foreign_hitter,of_dh_bridge_bat,repair the replacement-relevant OF/DH bridge,role_split_context,DH_primary_or_bridge:vsTeam:12001,0.5455555555555556,OPS=0.716;OBP=0.361;K%=0.278;PA=36,,,vsTeam,12001,DH_primary_or_bridge,
foreign_hitter,of_dh_bridge_bat,repair the replacement-relevant OF/DH bridge,role_split_context,DH_primary_or_bridge:vsTeam:10001,0.5430405405405405,OPS=0.78;OBP=0.351;K%=0.27;PA=37,,,vsTeam,10001,DH_primary_or_bridge,
foreign_hitter,context_runway_bat,add offense in SSG-specific weak game states,role_split_context,OF_high_leverage_usage:vsTeam:10001,0.5367307692307692,OPS=0.875;OBP=0.308;K%=0.154;PA=39,,,vsTeam,10001,OF_high_leverage_usage,
foreign_hitter,context_runway_bat,add offense in SSG-specific weak game states,role_split_context,OF_lower_or_mixed_usage:runner_context:2_out_on_third,0.5336124896608767,OPS=0.682;OBP=0.359;K%=0.205;PA=39,,,runner_context,2_out_on_third,OF_lower_or_mixed_usage,
foreign_hitter,context_runway_bat,add offense in SSG-specific weak game states,role_split_context,OF_lower_or_mixed_usage:month:month3,0.5100400457665905,OPS=0.611;OBP=0.348;K%=0.13;PA=23,,,month,month3,OF_lower_or_mixed_usage,
foreign_hitter,of_dh_bridge_bat,repair the replacement-relevant OF/DH bridge,role_split_context,DH_primary_or_bridge:day:2,0.5081451612903226,OPS=0.813;OBP=0.355;K%=0.29;PA=31,,,day,2,DH_primary_or_bridge,
foreign_hitter,context_runway_bat,add offense in SSG-specific weak game states,role_split_context,OF_high_leverage_usage:score_context:2_out_risp,0.5,OPS=0.901;OBP=0.375;K%=0.2;PA=40,,,score_context,2_out_risp,OF_high_leverage_usage,
foreign_hitter,context_runway_bat,add offense in SSG-specific weak game states,role_split_context,OF_high_leverage_usage:vsTeam:5002,0.49184210526315797,OPS=0.773;OBP=0.316;K%=0.132;PA=38,,,vsTeam,5002,OF_high_leverage_usage,
foreign_hitter,context_runway_bat,add offense in SSG-specific weak game states,role_split_context,OF_high_leverage_usage:day:5,0.48903846153846137,OPS=0.75;OBP=0.333;K%=0.231;PA=39,,,day,5,OF_high_leverage_usage,
foreign_hitter,context_runway_bat,add offense in SSG-specific weak game states,role_split_context,OF_high_leverage_usage:inning_context:3,0.4871428571428572,OPS=0.766;OBP=0.286;K%=0.143;PA=28,,,inning_context,3,OF_high_leverage_usage,
foreign_hitter,context_runway_bat,add offense in SSG-specific weak game states,role_split_context,OF_lower_or_mixed_usage:terminal_count:1B_0S,0.475,OPS=1.097;OBP=0.395;K%=0.0;PA=38,,,terminal_count,1B_0S,OF_lower_or_mixed_usage,
foreign_hitter,context_runway_bat,add offense in SSG-specific weak game states,role_split_context,OF_high_leverage_usage:vsTeam:7002,0.4625,OPS=0.718;OBP=0.351;K%=0.189;PA=37,,,vsTeam,7002,OF_high_leverage_usage,
foreign_hitter,of_dh_bridge_bat,repair the replacement-relevant OF/DH bridge,role_split_context,DH_primary_or_bridge:vsTeam:7002,0.45136363636363636,OPS=0.717;OBP=0.364;K%=0.318;PA=22,,,vsTeam,7002,DH_primary_or_bridge,
foreign_hitter,context_runway_bat,add offense in SSG-specific weak game states,role_split_context,OF_high_leverage_usage:stadium:1001,0.45,OPS=0.816;OBP=0.361;K%=0.139;PA=36,,,stadium,1001,OF_high_leverage_usage,
foreign_hitter,context_runway_bat,add offense in SSG-specific weak game states,role_split_context,OF_high_leverage_usage:vsTeam:12001,0.45,OPS=0.795;OBP=0.389;K%=0.222;PA=36,,,vsTeam,12001,OF_high_leverage_usage,
foreign_hitter,context_runway_bat,add offense in SSG-specific weak game states,role_split_context,OF_high_leverage_usage:terminal_count:1B_0S,0.45,OPS=0.775;OBP=0.333;K%=0.0;PA=36,,,terminal_count,1B_0S,OF_high_leverage_usage,
foreign_hitter,of_dh_bridge_bat,repair the replacement-relevant OF/DH bridge,role_split_context,DH_primary_or_bridge:score_context:2_out_risp,0.4375,OPS=0.799;OBP=0.429;K%=0.2;PA=35,,,score_context,2_out_risp,DH_primary_or_bridge,
foreign_hitter,of_dh_bridge_bat,repair the replacement-relevant OF/DH bridge,role_split_context,DH_primary_or_bridge:stadium:1001,0.43734848484848476,OPS=0.762;OBP=0.333;K%=0.242;PA=33,,,stadium,1001,DH_primary_or_bridge,
foreign_hitter,context_runway_bat,add offense in SSG-specific weak game states,role_split_context,OF_high_leverage_usage:after_count:after_3B_0S,0.425,OPS=0.989;OBP=0.6;K%=0.147;PA=34,,,after_count,after_3B_0S,OF_high_leverage_usage,
foreign_hitter,context_runway_bat,add offense in SSG-specific weak game states,role_split_context,OF_lower_or_mixed_usage:stadium:8001,0.4125,OPS=0.985;OBP=0.485;K%=0.152;PA=33,,,stadium,8001,OF_lower_or_mixed_usage,
foreign_hitter,context_runway_bat,add offense in SSG-specific weak game states,role_split_context,OF_high_leverage_usage:score_context:more_five_run,0.4125,OPS=0.896;OBP=0.333;K%=0.121;PA=33,,,score_context,more_five_run,OF_high_leverage_usage,
foreign_hitter,context_runway_bat,add offense in SSG-specific weak game states,role_split_context,OF_high_leverage_usage:inning_context:4,0.4,OPS=1.231;OBP=0.438;K%=0.094;PA=32,,,inning_context,4,OF_high_leverage_usage,
foreign_hitter,context_runway_bat,add offense in SSG-specific weak game states,role_split_context,OF_lower_or_mixed_usage:stadium:8005,0.38999999999999996,OPS=0.821;OBP=0.35;K%=0.3;PA=20,,,stadium,8005,OF_lower_or_mixed_usage,
foreign_hitter,context_runway_bat,add offense in SSG-specific weak game states,role_split_context,OF_lower_or_mixed_usage:runner_context:on_second,0.3875,OPS=0.861;OBP=0.452;K%=0.129;PA=31,,,runner_context,on_second,OF_lower_or_mixed_usage,
foreign_hitter,context_runway_bat,add offense in SSG-specific weak game states,role_split_context,OF_high_leverage_usage:inning_context:5,0.3875,OPS=0.884;OBP=0.419;K%=0.065;PA=31,,,inning_context,5,OF_high_leverage_usage,
foreign_hitter,context_runway_bat,add offense in SSG-specific weak game states,role_split_context,OF_high_leverage_usage:runner_context:on_second,0.3816666666666666,OPS=0.953;OBP=0.367;K%=0.233;PA=30,,,runner_context,on_second,OF_high_leverage_usage,
foreign_hitter,context_runway_bat,add offense in SSG-specific weak game states,role_split_context,OF_high_leverage_usage:after_count:after_3B_1S,0.375,OPS=0.937;OBP=0.548;K%=0.167;PA=30,,,after_count,after_3B_1S,OF_high_leverage_usage,
foreign_hitter,context_runway_bat,add offense in SSG-specific weak game states,role_split_context,OF_high_leverage_usage:vsTeam:3001,0.35,OPS=0.766;OBP=0.321;K%=0.179;PA=28,,,vsTeam,3001,OF_high_leverage_usage,
foreign_hitter,context_runway_bat,add offense in SSG-specific weak game states,role_split_context,OF_lower_or_mixed_usage:terminal_count:3B_1S,0.3458333333333333,OPS=0.667;OBP=0.667;K%=0.0;PA=21,,,terminal_count,3B_1S,OF_lower_or_mixed_usage,
foreign_hitter,of_dh_bridge_bat,repair the replacement-relevant OF/DH bridge,role_split_context,DH_primary_or_bridge:inning_context:7,0.3265384615384614,OPS=0.983;OBP=0.346;K%=0.231;PA=26,,,inning_context,7,DH_primary_or_bridge,
foreign_hitter,context_runway_bat,add offense in SSG-specific weak game states,role_split_context,OF_high_leverage_usage:inning_context:8,0.325,OPS=1.223;OBP=0.462;K%=0.115;PA=26,,,inning_context,8,OF_high_leverage_usage,
foreign_hitter,first_base_traffic_converter,turn runner-on-first states into scoring-position pressure,role_split_context,OF_lower_or_mixed_usage:runner_context:on_first_third,0.3,OPS=0.787;OBP=0.375;K%=0.125;PA=24,,,runner_context,on_first_third,OF_lower_or_mixed_usage,
foreign_hitter,context_runway_bat,add offense in SSG-specific weak game states,role_split_context,OF_high_leverage_usage:vsTeam:2002,0.28227272727272734,OPS=0.718;OBP=0.318;K%=0.182;PA=22,,,vsTeam,2002,OF_high_leverage_usage,
foreign_hitter,two_strike_survival_bat,reduce replacement-slot collapse after two strikes,role_split_context,OF_high_leverage_usage:after_count:after_3B_2S,0.278690476190476,OPS=0.861;OBP=0.476;K%=0.238;PA=21,,,after_count,after_3B_2S,OF_high_leverage_usage,
foreign_hitter,two_strike_survival_bat,reduce replacement-slot collapse after two strikes,role_split_context,OF_high_leverage_usage:terminal_count:3B_2S,0.278690476190476,OPS=0.861;OBP=0.476;K%=0.238;PA=21,,,terminal_count,3B_2S,OF_high_leverage_usage,
foreign_hitter,context_runway_bat,add offense in SSG-specific weak game states,role_split_context,OF_high_leverage_usage:terminal_count:0B_1S,0.2625,OPS=0.933;OBP=0.333;K%=0.0;PA=21,,,terminal_count,0B_1S,OF_high_leverage_usage,
foreign_hitter,context_runway_bat,add offense in SSG-specific weak game states,role_split_context,OF_high_leverage_usage:vsTeam:1001,0.2625,OPS=0.889;OBP=0.333;K%=0.095;PA=21,,,vsTeam,1001,OF_high_leverage_usage,
foreign_hitter,context_runway_bat,add offense in SSG-specific weak game states,role_split_context,OF_high_leverage_usage:inning_context:9,0.2581453634085213,OPS=0.697;OBP=0.381;K%=0.2;PA=20,,,inning_context,9,OF_high_leverage_usage,
foreign_hitter,of_dh_bridge_bat,repair the replacement-relevant OF/DH bridge,role_split_context,DH_primary_or_bridge:runner_context:on_second,0.25,OPS=1.183;OBP=0.6;K%=0.15;PA=20,,,runner_context,on_second,DH_primary_or_bridge,
